Treat,DOY,Rep,Plant,Leaf,Leaf.unique,Tleaf,Vcmax,Jmax,Rday,Vcmax.25,Jmax.25,Rday.25,LMA,N.perc,C.perc,N.area,C.area,Vcmax.N,Jmax.N,R.N
c.c,243,1,1,1,11,31.6,145.5037575,198.7762976,1.674140979,71.80316585,160.3481929,1.864694901,55.8,2.35,46.08,13.10024128,257.2463081,11.10695249,15.17348371,0.127794668
c.c,247,1,1,2,12,34.9,201.1846474,224.5214338,1.761228914,66.03863307,178.1148659,1.46108407,55.8,2.35,46.08,13.10024128,257.2463081,15.35732382,17.13872509,0.134442479
c.c,247,3,1,1,11,27.3,93.9418582,158.9062223,1.366757617,76.24798695,141.9928383,1.456162029,55.8,2.35,46.08,13.10024128,257.2463081,7.171002138,12.13002257,0.104330721
c.c,247,4,1,1,11,32.6,146.8550103,203.9243214,1.107482285,63.42116092,159.0003745,0.684420688,55.8,2.35,46.08,13.10024128,257.2463081,11.21009966,15.56645538,0.084539075
c.c,247,5,1,1,11,33.8,184.7385419,245.7057286,1.818355317,69.05986935,193.6251029,1.266473073,55.8,2.35,46.08,13.10024128,257.2463081,14.10191904,18.75581705,0.138803193
c.c,249,6,1,1,11,27.7,91.43145499,146.512455,0.852642397,70.6818506,131.2665344,1.1246395,55.8,2.35,46.08,13.10024128,257.2463081,6.979371835,11.18395088,0.065086007
c.c,249,7,1,1,11,30.1,113.5897939,175.5608319,1.129035883,67.01629125,142.9673509,1.077936499,55.8,2.35,46.08,13.10024128,257.2463081,8.670816934,13.40134339,0.086184358
c.c,254,11,1,1,11,38.1,212.3416323,232.4930559,1.688095939,51.77656954,215.5341213,1.857381113,55.8,2.35,46.08,13.10024128,257.2463081,16.20898637,17.74723465,0.128859912
c.c,254,12,1,1,11,37,190.5198817,207.6044797,2.027386105,53.3058669,179.0149499,2.249676049,55.8,2.35,46.08,13.10024128,257.2463081,14.54323456,15.84737833,0.154759448
c.c,254,13,1,1,11,41.2,234.4180667,259.3743591,2.627102459,43.34673916,345.5976926,2.653787259,55.8,2.35,46.08,13.10024128,257.2463081,17.89417933,19.79920473,0.200538479
c.c,254,14,1,1,11,41.9,234.4003993,222.9606453,2.22065441,39.23847407,281.5830087,2.280794137,55.8,2.35,46.08,13.10024128,257.2463081,17.8928307,17.01958312,0.169512482
c.c,254,15,1,1,11,41.7,216.8089401,210.2975176,1.681490586,35.42862815,284.1261452,1.262274836,55.8,2.35,46.08,13.10024128,257.2463081,16.54999595,16.05294996,0.128355696
c.c,243,1,2,1,21,30.4,125.9836195,197.0166911,2.793574004,69.40858965,161.6864314,2.791373072,52.1,2.79,46.37,14.55659825,241.8443946,8.654743185,13.5345283,0.191911184
c.c,249,3,2,1,21,28,116.5574971,165.4993843,-0.080367024,82.3190867,147.540759,-0.008522237,52.1,2.79,46.37,14.55659825,241.8443946,8.007193374,11.36937226,-0.005521003
c.c,247,3,2,2,22,33.5,164.5895826,244.0728484,-0.078599997,68.06460848,197.8024647,0.562186768,52.1,2.79,46.37,14.55659825,241.8443946,11.30687127,16.7671625,-0.005399613
c.c,249,4,2,1,21,35.9,194.6614051,283.3550126,0.11786198,60.19738956,234.7467472,0.002442354,52.1,2.79,46.37,14.55659825,241.8443946,13.37272636,19.46574383,0.008096808
c.c,249,5,2,1,21,35.9,194.6704175,283.3497964,0.117401538,60.08048744,234.9712322,0.026734424,52.1,2.79,46.37,14.55659825,241.8443946,13.37334548,19.46538549,0.008065177
c.c,247,6,2,1,21,26.5,91.02517945,157.5447347,1.11795703,76.58921846,146.3928978,1.006384828,52.1,2.79,46.37,14.55659825,241.8443946,6.253190331,10.82290876,0.076800707
c.c,247,7,2,1,21,31.7,137.578246,195.6289844,-0.298915371,70.3889736,157.179304,0.04272842,52.1,2.79,46.37,14.55659825,241.8443946,9.451263516,13.43919651,-0.0205347
c.c,251,11,2,1,21,39.4,281.7580662,268.232127,1.29916063,59.19057906,255.1829971,1.423960912,52.1,2.79,46.37,14.55659825,241.8443946,19.35603781,18.42684137,0.089248917
c.c,251,12,2,1,21,36,205.6134137,217.5425026,1.441600579,62.73050156,178.68874,1.79340247,52.1,2.79,46.37,14.55659825,241.8443946,14.12510053,14.94459755,0.099034167
c.c,254,13,2,1,21,41.7,254.6081082,276.5021573,1.230580059,43.76028783,328.8782506,1.669940928,52.1,2.79,46.37,14.55659825,241.8443946,17.49090713,18.9949707,0.084537612
c.c,254,14,2,1,21,40.8,240.6109068,266.0016456,1.313864632,45.56503411,303.1918787,1.386154659,52.1,2.79,46.37,14.55659825,241.8443946,16.52933622,18.27361317,0.090259043
c.c,254,15,2,1,21,41.3,238.7187048,254.8176492,0.332285143,42.27860969,319.0683672,0.304158295,52.1,2.79,46.37,14.55659825,241.8443946,16.39934693,17.50530205,0.022827115
c.c,243,2,2,1,21,36.9,234.8152151,277.9234362,2.114342315,63.81253648,241.0141836,1.769009559,52.1,2.79,46.37,14.55659825,241.8443946,16.13118746,19.09260882,0.145249754
c.c,247,8,2,1,21,33,138.8942222,225.2249722,-0.221350956,58.13142068,178.1552805,-0.275539303,52.1,2.79,46.37,14.55659825,241.8443946,9.541667618,15.472363,-0.015206228
c.c,254,9,2,1,21,41.3,238.0266372,256.35112,0.475944457,42.23055973,320.9062467,0.456820043,52.1,2.79,46.37,14.55659825,241.8443946,16.3518037,17.61064745,0.032696132
c.c,251,10,2,1,21,41.4,305.5653428,344.4196558,1.792053115,54.91292268,423.2648302,2.037751552,52.1,2.79,46.37,14.55659825,241.8443946,20.99153508,23.66072415,0.123109334
c.c,,7,2,1,,35.9,188.9228558,268.7969855,-0.933237985,,,,52.1,2.79,46.37,14.55659825,241.8443946,12.97850312,18.46564567,-0.064110994
c.c,,12,2,1,,41.3,227.8691228,240.6729582,-0.64724963,,,,52.1,2.79,46.37,14.55659825,241.8443946,15.65400919,16.53359899,-0.044464347
c.c,243,1,3,1,31,30.4,147.243362,243.0042991,3.028370477,82.9500541,198.1277225,3.096510645,61.7,2.75,46.32,16.97882983,285.7026793,8.67217373,14.31219357,0.178361554
c.c,247,3,3,1,31,27.8,133.6171528,177.2559362,0.317920026,95.65930236,156.8256971,0.247531746,61.7,2.75,46.32,16.97882983,285.7026793,7.869632604,10.43982053,0.018724496
c.c,247,4,3,1,31,30.8,151.2430363,228.8535892,2.084215999,74.50376642,186.5553637,1.571760382,61.7,2.75,46.32,16.97882983,285.7026793,8.907742042,13.47876099,0.122753807
c.c,249,5,3,1,31,27.5,117.0141601,200.421812,0.866813637,90.61855768,179.4459401,0.915750341,61.7,2.75,46.32,16.97882983,285.7026793,6.891768238,11.80421819,0.051052613
c.c,249,6,3,1,31,36.7,212.3692301,302.3805291,0.138828231,59.95954676,259.2688302,-0.115755554,61.7,2.75,46.32,16.97882983,285.7026793,12.50788377,17.8092679,0.008176549
c.c,251,7,3,1,31,39.5,241.5373474,391.3930731,2.00319819,53.02599466,407.7396627,2.358998878,61.7,2.75,46.32,16.97882983,285.7026793,14.2257947,23.05182848,0.117982111
c.c,254,11,3,1,31,43.2,243.4195087,262.6442809,1.352687769,34.27421837,422.1681487,0.996796604,61.7,2.75,46.32,16.97882983,285.7026793,14.33664812,15.4689271,0.079669081
c.c,254,12,3,1,31,43.2,250.3146303,274.2932624,1.459737429,36.82314776,416.1630155,1.427320868,61.7,2.75,46.32,16.97882983,285.7026793,14.74274923,16.1550157,0.085973971
c.c,243,2,3,1,31,35.9,242.3390704,292.0610787,2.139839415,75.41846338,241.2296914,2.329712359,61.7,2.75,46.32,16.97882983,285.7026793,14.27301368,17.20148453,0.126029852
c.c,254,8,3,1,31,40.7,301.1094731,402.3646557,1.246687718,56.86554517,464.2917752,1.29723454,61.7,2.75,46.32,16.97882983,285.7026793,17.73440668,23.6980204,0.073426009
c.c,254,9,3,1,31,42.9,213.1892019,269.4801492,1.77504348,31.51270766,372.2578312,1.838156357,61.7,2.75,46.32,16.97882983,285.7026793,12.55617755,15.87153837,0.104544512
c.c,254,10,3,1,31,41.1,290.3456258,373.4170083,1.378317351,52.75717355,451.1930708,1.436944173,61.7,2.75,46.32,16.97882983,285.7026793,17.10044972,21.99309446,0.081178583
c.c,249,1,4,1,41,28.4,115.0676466,164.7169634,0.695074433,80.6842699,143.0382889,0.737648452,48.7,3.94,47.28,19.16679266,230.211248,6.003489922,8.593872033,0.036264515
c.c,249,3,4,1,41,37.2,226.4811439,307.9065865,0.884400629,61.31208203,275.7654079,0.721486657,48.7,3.94,47.28,19.16679266,230.211248,11.81632983,16.06458587,0.046142338
c.c,251,4,4,1,41,40,246.1731967,365.4344571,1.847580234,50.06843996,402.2104387,1.946537065,48.7,3.94,47.28,19.16679266,230.211248,12.84373453,19.06602025,0.096394857
c.c,249,2,4,1,41,31.6,163.5558614,201.1605316,1.125891088,79.15814379,160.9174747,1.07770837,48.7,3.94,47.28,19.16679266,230.211248,8.533293198,10.49526309,0.058741758
c.w,261,1,1,1,11,33.8,113.1368362,130.6883165,2.297076854,44.76904728,104.0857899,2.356072103,71.4,1.53,45.03,10.91033435,321.3325016,10.36969469,11.97839702,0.21054138
c.w,261,2,1,1,11,36.7,143.0910805,140.0869367,2.761869365,39.92545543,118.2287273,2.892546927,71.4,1.53,45.03,10.91033435,321.3325016,13.11518748,12.83983902,0.253142505
c.w,261,3,1,1,11,37.8,186.8011216,160.0918338,3.99268978,43.91486712,142.2448547,3.423178848,71.4,1.53,45.03,10.91033435,321.3325016,17.1214846,14.67341225,0.365954851
c.w,262,4,1,1,11,37.2,150.2370301,158.5134179,2.368570875,40.53196307,139.3316478,2.409156072,71.4,1.53,45.03,10.91033435,321.3325016,13.7701582,14.52874062,0.217094252
c.w,262,5,1,1,11,37.5,150.8859527,159.7731925,2.895190852,40.40528771,142.7162999,3.02622345,71.4,1.53,45.03,10.91033435,321.3325016,13.829636,14.6442068,0.265362248
c.w,262,6,1,1,11,38.5,154.0985262,169.7636318,2.586897041,36.43398346,166.1397935,2.484049687,71.4,1.53,45.03,10.91033435,321.3325016,14.12408834,15.55989269,0.237105203
c.w,262,7,1,1,11,39.9,185.0737024,191.1924156,3.308945945,38.04905729,207.9139208,3.289091185,71.4,1.53,45.03,10.91033435,321.3325016,16.96315589,17.523974,0.303285476
c.w,262,8,1,1,11,39.6,229.8116817,179.8737901,5.524739328,50.45076625,186.6751744,6.044874047,71.4,1.53,45.03,10.91033435,321.3325016,21.06366994,16.48655159,0.50637672
c.w,263,9,1,1,11,29.5,94.28192662,107.9749997,3.451183184,58.35455811,90.31207873,3.423876824,71.4,1.53,45.03,10.91033435,321.3325016,8.641524959,9.896580266,0.316322403
c.w,263,10,1,1,11,30.7,95.04596202,120.1959242,4.336341264,51.13435256,97.6451974,4.29747417,71.4,1.53,45.03,10.91033435,321.3325016,8.711553556,11.01670401,0.397452647
c.w,263,11,1,1,11,31.6,84.04959648,119.0897098,2.187923283,40.90833177,94.40958653,2.091336236,71.4,1.53,45.03,10.91033435,321.3325016,7.703668262,10.91531258,0.200536777
c.w,265,12,1,1,11,41.4,180.480988,167.8008859,2.191361048,30.97573236,220.3048306,2.118161913,71.4,1.53,45.03,10.91033435,321.3325016,16.54220505,15.37999482,0.200851869
c.w,265,13,1,1,11,42.4,171.9214937,164.6172845,2.724770431,27.51754027,231.9690615,2.720321082,71.4,1.53,45.03,10.91033435,321.3325016,15.75767416,15.08819796,0.249742157
c.w,265,14,1,1,11,43.7,173.2264021,166.3535714,2.477552259,23.509379,300.7912641,2.251575631,71.4,1.53,45.03,10.91033435,321.3325016,15.87727713,15.24733945,0.227083074
c.w,265,15,1,1,11,44.6,160.9140909,152.3294682,2.24481154,20.77685028,292.5758037,2.302694612,71.4,1.53,45.03,10.91033435,321.3325016,14.74877723,13.96194317,0.205750939
c.w,261,1,2,1,21,32.3,156.057799,132.4898993,2.613290057,71.99359039,105.120319,2.593129478,85.5,1.48,45.08,12.69357274,385.4805999,12.29423758,10.4375578,0.205875061
c.w,261,2,2,1,21,38.5,279.0247563,216.5916907,6.239538732,65.35365962,217.81494,5.888529102,85.5,1.48,45.08,12.69357274,385.4805999,21.98157775,17.06309918,0.491551028
c.w,261,3,2,1,21,36.3,107.2771995,154.8807197,1.853676787,32.17648386,131.0002891,2.014245504,85.5,1.48,45.08,12.69357274,385.4805999,8.451300644,12.20150724,0.146032707
c.w,262,4,2,1,21,36.7,151.506354,177.0028615,3.182621827,43.01818805,152.7430656,3.259730862,85.5,1.48,45.08,12.69357274,385.4805999,11.93567462,13.94429016,0.250727033
c.w,262,6,2,1,21,40.6,206.6866415,194.5806291,3.349875444,38.06797997,223.364907,3.081646973,85.5,1.48,45.08,12.69357274,385.4805999,16.28277914,15.32906716,0.263903277
c.w,262,7,2,1,21,41.3,214.6214947,189.3480601,3.139761459,38.22098901,233.5568185,3.312954615,85.5,1.48,45.08,12.69357274,385.4805999,16.90788709,14.91684524,0.247350492
c.w,262,8,2,1,21,41.3,211.3558144,190.6002617,3.29989341,37.75656757,235.6081335,3.286676056,85.5,1.48,45.08,12.69357274,385.4805999,16.65061671,15.01549371,0.259965691
c.w,263,9,2,1,21,28.5,76.70857994,121.6061163,3.55139229,52.83210658,104.3751759,3.457047664,85.5,1.48,45.08,12.69357274,385.4805999,6.043103978,9.580133093,0.27977878
c.w,263,10,2,1,21,30.6,88.48287243,135.0614883,3.824042183,49.45496208,109.9748779,3.873858996,85.5,1.48,45.08,12.69357274,385.4805999,6.970683055,10.64014765,0.301258145
c.w,264,11,2,1,21,40.7,167.2337046,179.3343025,3.220967741,30.70713758,211.185972,2.972758484,85.5,1.48,45.08,12.69357274,385.4805999,13.17467572,14.12796114,0.253747925
c.w,264,12,2,1,21,42.3,153.2265516,150.9265866,1.472478134,22.74455118,202.8406266,1.132710984,85.5,1.48,45.08,12.69357274,385.4805999,12.07119183,11.89000052,0.116001867
c.w,265,13,2,1,21,41.9,180.2663712,166.4230118,3.642553814,31.22170619,197.8743988,4.058243761,85.5,1.48,45.08,12.69357274,385.4805999,14.20138954,13.11080932,0.286960487
c.w,265,14,2,1,21,39.8,161.2562773,161.6229837,2.947739533,34.21650428,174.1160314,3.073029547,85.5,1.48,45.08,12.69357274,385.4805999,12.70377384,12.73266298,0.232222999
c.w,265,15,2,1,21,42,192.2644327,173.6851812,2.949428158,30.80222182,264.1131781,2.567760951,85.5,1.48,45.08,12.69357274,385.4805999,15.14659715,13.68292322,0.232356029
c.w,269,16,2,1,21,40.5,145.6886344,164.8021583,2.730826882,27.05275149,195.2539583,2.324296391,85.5,1.48,45.08,12.69357274,385.4805999,11.47735451,12.98311844,0.215134615
c.w,270,17,2,1,21,42.9,153.9657191,164.3717654,3.355478684,24.40924212,234.5721217,3.742791785,85.5,1.48,45.08,12.69357274,385.4805999,12.12942347,12.94921207,0.2643447
c.w,270,18,2,1,21,35.9,125.6890074,135.4880158,2.549043972,38.82801069,112.6440123,2.561111376,85.5,1.48,45.08,12.69357274,385.4805999,9.90178336,10.6737495,0.200813752
c.w,270,19,2,1,21,36.2,118.7118361,143.5750302,2.621670539,35.78456981,121.2700154,2.656472491,85.5,1.48,45.08,12.69357274,385.4805999,9.352121619,11.31084471,0.206535275
c.w,261,2,3,1,31,33.9,148.8414477,153.9437011,4.51742733,56.62219704,121.1652314,4.20927492,87.9,1.83,45.16,16.10826648,396.9296338,9.240066142,9.55681366,0.280441557
c.w,261,3,3,1,31,38,258.5774041,240.8754117,2.499337429,66.91830241,221.1130707,2.977946885,87.9,1.83,45.16,16.10826648,396.9296338,16.05246626,14.95352787,0.155158684
c.w,262,4,3,1,31,38.4,177.0439684,181.1488023,5.088548129,41.98719196,170.0049565,5.126514845,87.9,1.83,45.16,16.10826648,396.9296338,10.99087656,11.24570434,0.315896694
c.w,262,5,3,1,31,38.4,197.640759,201.1674556,5.456067975,48.78065825,190.5239024,5.813945766,87.9,1.83,45.16,16.10826648,396.9296338,12.26952381,12.48846087,0.338712299
c.w,264,7,3,1,31,41.8,298.5957756,269.1667143,3.433264539,50.37314981,350.5087404,3.372935966,87.9,1.83,45.16,16.10826648,396.9296338,18.53680382,16.70984986,0.21313681
c.w,264,8,3,1,31,42.1,311.7547927,262.1481219,2.008189774,49.08718695,374.9381979,1.616621063,87.9,1.83,45.16,16.10826648,396.9296338,19.35371464,16.27413616,0.124668274
c.w,265,10,3,1,31,42.3,206.2794027,139.9629694,4.576022681,34.90650933,200.0075991,4.879115333,87.9,1.83,45.16,16.10826648,396.9296338,12.80581017,8.688890862,0.284079152
c.w,270,11,3,1,31,41.9,221.947615,236.7083771,1.816799935,37.4495168,319.6118194,1.884529722,87.9,1.83,45.16,16.10826648,396.9296338,13.77849165,14.69483867,0.112786807
c.w,270,12,3,1,31,42.2,204.9125989,223.6014312,1.818327053,32.86605363,311.9808929,1.627740025,87.9,1.83,45.16,16.10826648,396.9296338,12.72095909,13.88116043,0.11288161
c.w,270,13,3,1,31,43.3,215.3919056,208.8593257,1.760633097,31.13024106,349.603336,1.632291588,87.9,1.83,45.16,16.10826648,396.9296338,13.37151368,12.9659716,0.109299973
c.w,270,14,3,1,31,35.1,107.6389892,166.0613136,1.051373714,37.3873291,134.7007243,1.185121711,87.9,1.83,45.16,16.10826648,396.9296338,6.682220545,10.30907416,0.065269203
c.w,270,15,3,1,31,35.3,123.1949799,180.5684797,2.506479506,40.18654565,146.6727468,2.378886077,87.9,1.83,45.16,16.10826648,396.9296338,7.647935304,11.20967796,0.155602064
c.w,263,16,3,1,31,29.6,134.7533402,157.5715868,1.461393005,77.2069782,126.7750112,0.684260954,87.9,1.83,45.16,16.10826648,396.9296338,8.365477465,9.78203254,0.09072317
w.c,263,1,2,1,121,35.2,151.1713868,207.0399626,2.7703129,49.97349649,168.0460243,2.356405896,85.6,1.73,44.52,14.82725354,380.9745568,10.19550832,13.96347355,0.186839248
w.c,263,2,2,1,121,32.1,126.5712081,177.6634464,3.726096792,59.84111329,143.5569066,3.992745149,85.6,1.73,44.52,14.82725354,380.9745568,8.536389277,11.98222219,0.251300538
w.c,263,3,2,1,121,30.4,184.1034693,196.9972928,8.487401987,102.9901202,163.7443805,8.757593099,85.6,1.73,44.52,14.82725354,380.9745568,12.41655906,13.28616202,0.572419023
w.c,264,4,2,1,121,27.9,89.86850618,135.7885334,1.854580691,67.08083435,119.8752452,1.908685022,85.6,1.73,44.52,14.82725354,380.9745568,6.061035237,9.158036789,0.125079178
w.c,264,5,2,1,121,29.8,131.948809,155.0332742,1.588666471,76.00820051,129.0193053,1.558822703,85.6,1.73,44.52,14.82725354,380.9745568,8.89907282,10.45596703,0.107145026
w.c,264,6,2,1,121,31,122.9191593,171.990362,2.558644024,62.63426743,137.8963325,2.377499076,85.6,1.73,44.52,14.82725354,380.9745568,8.29008278,11.59961024,0.172563585
w.c,264,7,2,1,121,32.8,138.045025,186.712747,2.348123379,58.23954367,146.9041709,2.161888613,85.6,1.73,44.52,14.82725354,380.9745568,9.310222193,12.59253755,0.158365362
w.c,264,8,2,1,121,34.6,152.0975658,207.7357666,2.62657842,53.28455798,166.8603998,2.308112866,85.6,1.73,44.52,14.82725354,380.9745568,10.25797295,14.01040092,0.17714531
w.c,265,9,2,1,121,34.7,151.1037708,197.7584554,2.034845625,52.99151803,159.1968869,2.014303927,85.6,1.73,44.52,14.82725354,380.9745568,10.19094807,13.33749739,0.137236854
w.c,265,10,2,1,121,36,165.1854472,209.0039215,2.15116472,51.33037317,174.571267,2.188847123,85.6,1.73,44.52,14.82725354,380.9745568,11.14066383,14.09592956,0.145081806
w.c,265,11,2,1,121,37.4,187.5426331,218.1988074,2.075498356,50.14772936,193.9575161,2.174069453,85.6,1.73,44.52,14.82725354,380.9745568,12.64850787,14.71606369,0.139978611
w.c,268,12,2,1,121,36.7,188.5265737,236.7929004,1.550913964,53.37389555,203.8625947,1.49614012,85.6,1.73,44.52,14.82725354,380.9745568,12.71486814,15.97011205,0.10459887
w.c,268,13,2,1,121,37.6,196.025841,237.1452991,1.489090771,50.91464349,212.4371304,1.512945071,85.6,1.73,44.52,14.82725354,380.9745568,13.22064403,15.993879,0.100429305
w.c,268,14,2,1,121,38.7,213.3438306,255.5128471,2.418009788,49.27135725,251.2098558,2.337598953,85.6,1.73,44.52,14.82725354,380.9745568,14.38862767,17.23264841,0.163078737
w.c,268,15,2,1,121,40.1,219.9842757,258.458122,1.814591985,44.26966752,282.0187313,1.776748174,85.6,1.73,44.52,14.82725354,380.9745568,14.83648169,17.43128769,0.122382205
w.c,268,16,2,1,121,40.8,227.4082723,252.0341849,1.49313213,42.16963134,295.6196468,1.453830283,85.6,1.73,44.52,14.82725354,380.9745568,15.33718107,16.99803569,0.100701868
w.c,269,17,2,1,121,41.1,228.2683873,282.2518277,2.15630929,40.90238866,347.4533406,2.088511752,85.6,1.73,44.52,14.82725354,380.9745568,15.39519013,19.03601547,0.145428773
w.c,269,18,2,1,121,42.3,230.1921759,258.8622571,2.112392084,37.48986017,342.6019721,2.367134852,85.6,1.73,44.52,14.82725354,380.9745568,15.52493692,17.45854392,0.142466849
w.c,269,19,2,1,121,43.3,228.1687552,249.1562553,1.688788479,32.62835931,398.6255299,1.517903483,85.6,1.73,44.52,14.82725354,380.9745568,15.3884706,16.80393841,0.113897592
w.c,269,20,2,1,121,44,222.2147161,233.6080731,1.759492357,30.02025475,406.0209378,1.716639978,85.6,1.73,44.52,14.82725354,380.9745568,14.98691012,15.75531655,0.1186661
w.c,269,21,2,1,121,44.4,215.6492228,221.1818266,1.735419052,28.00441672,401.7374187,1.738869968,85.6,1.73,44.52,14.82725354,380.9745568,14.5441111,14.91724856,0.117042515
w.c,263,1,3,1,131,34.9,182.8801534,237.5085262,2.887488466,57.72953507,189.9253493,1.899456551,90.3,1.95,45.73,17.60834322,413.1243935,10.38599436,13.48840849,0.163984109
w.c,263,2,3,3,133,33,171.8241653,167.1966718,3.296615356,71.26672285,133.4882609,3.444492992,90.3,1.95,45.73,17.60834322,413.1243935,9.758110866,9.495309678,0.18721894
w.c,263,3,3,1,131,32.5,181.026615,195.8961194,6.198546051,79.06974146,155.647179,6.196054587,90.3,1.95,45.73,17.60834322,413.1243935,10.28072958,11.12518747,0.352023241
w.c,264,4,3,1,131,28,89.73837673,154.4248758,2.374809191,64.84091626,133.5491359,2.209335152,90.3,1.95,45.73,17.60834322,413.1243935,5.096355496,8.76998329,0.134868407
w.c,264,5,3,1,131,36.6,256.6547265,215.697666,4.055333017,74.84456438,184.4833037,4.234424784,90.3,1.95,45.73,17.60834322,413.1243935,14.57574534,12.24974226,0.230307472
w.c,268,6,3,1,131,35.7,216.8996565,243.9555717,3.169200244,66.90120308,201.3583426,2.942630667,90.3,1.95,45.73,17.60834322,413.1243935,12.31800481,13.85454433,0.179982875
w.c,268,8,3,1,131,39.4,309.6894445,257.5878198,5.541069365,68.09362451,264.1690763,5.750725021,90.3,1.95,45.73,17.60834322,413.1243935,17.5876538,14.62873688,0.314684312
w.c,269,9,3,1,131,41.7,264.2889508,241.495108,3.675289828,46.72096969,324.40456,3.857343539,90.3,1.95,45.73,17.60834322,413.1243935,15.00930255,13.7148115,0.208724341
w.c,269,10,3,1,131,42.7,272.2799132,233.5433762,4.098174226,41.70288184,347.8155708,4.058527297,90.3,1.95,45.73,17.60834322,413.1243935,15.46311938,13.26322263,0.232740478
w.c,269,11,3,1,131,42,231.024041,222.4301887,2.793950358,39.47046945,288.8653187,3.03473046,90.3,1.95,45.73,17.60834322,413.1243935,13.12014641,12.63209071,0.158671962
w.c,269,12,3,1,131,42,243.13119,221.1873608,2.601295686,40.04681817,298.5679341,2.533578268,90.3,1.95,45.73,17.60834322,413.1243935,13.80772665,12.56150894,0.14773086
w.c,263,1,5,1,151,35.1,144.2632406,134.784846,3.201813799,42.93114619,106.3953678,2.940770812,75.3,1.77,44.73,13.29646781,336.9195946,10.84974165,10.13689109,0.240801831
w.c,263,2,5,1,151,32.5,110.0724262,140.5659677,4.45355317,47.99707414,110.9601188,4.360854922,75.3,1.77,44.73,13.29646781,336.9195946,8.278320819,10.57167736,0.334942575
w.c,264,3,5,1,151,29.8,81.27823319,122.5342584,2.224064037,48.48408366,99.97313266,2.070707528,75.3,1.77,44.73,13.29646781,336.9195946,6.112768773,9.215549589,0.167267283
w.c,265,5,5,1,151,35,153.2065716,201.2233571,2.774671456,50.33444813,161.3880464,2.474710806,75.3,1.77,44.73,13.29646781,336.9195946,11.52235119,15.13359488,0.208677334
w.c,265,6,5,1,151,35.2,117.768589,152.512491,1.947531465,37.74304249,123.4766433,1.503665999,75.3,1.77,44.73,13.29646781,336.9195946,8.857133395,11.47015082,0.146469836
w.c,268,7,5,1,151,35.9,137.9686176,179.2487722,2.59185338,39.75455845,153.0512252,1.983826903,75.3,1.77,44.73,13.29646781,336.9195946,10.376336,13.48093154,0.194927963
w.c,268,8,5,1,151,41.1,210.0380864,171.0142519,2.7738028,37.14430339,206.4032784,2.790265344,75.3,1.77,44.73,13.29646781,336.9195946,15.79653255,12.8616302,0.208612004
w.c,268,9,5,1,151,40.8,189.5646346,166.7941201,2.644895731,35.74067558,205.5166409,2.515582106,75.3,1.77,44.73,13.29646781,336.9195946,14.25676633,12.54424276,0.198917169
w.c,268,10,5,1,151,41.6,196.0557319,166.9803514,3.011644146,32.89840419,224.8920242,2.665647143,75.3,1.77,44.73,13.29646781,336.9195946,14.74494842,12.55824884,0.226499563
w.c,268,11,5,1,151,41.3,174.3891575,160.606022,2.327632319,31.68874158,191.2156022,2.452535828,75.3,1.77,44.73,13.29646781,336.9195946,13.11544991,12.07884863,0.17505644
w.c,269,12,5,1,151,44.9,169.8645151,127.5879416,1.395410859,20.12752711,253.6795721,1.151002596,75.3,1.77,44.73,13.29646781,336.9195946,12.77516086,9.59562671,0.104945981
w.c,269,13,5,1,151,44.6,179.757774,114.3035306,2.414289897,22.65594181,229.7330735,2.185984271,75.3,1.77,44.73,13.29646781,336.9195946,13.51921252,8.596533479,0.181573778
w.w,243,1,1,1,111,41.6,198.1914355,277.540472,1.820318348,34.97827999,365.2717538,2.047384005,90.2,2.29,46.39,20.68909744,418.6424989,9.57951095,13.41481777,0.087984425
w.w,243,2,1,1,111,38.7,213.7019728,265.3068881,2.000941472,48.15470228,258.6667841,1.616502484,90.2,2.29,46.39,20.68909744,418.6424989,10.32920713,12.82351194,0.096714778
w.w,243,1,2,1,121,38.1,217.1776784,209.2649431,2.467289181,53.98261973,192.8161019,2.635976936,79.2,1.99,44.72,15.77024955,354.2101323,13.77135331,13.26960251,0.156452133
w.w,243,2,2,1,121,41.5,227.8939982,243.6598899,2.839697253,40.30771242,305.5346437,2.954293605,79.2,1.99,44.72,15.77024955,354.2101323,14.45088091,15.45060458,0.180066729
w.w,247,3,2,1,121,28,96.20774352,128.2920334,1.792289146,66.16806381,111.8957738,1.545086303,79.2,1.99,44.72,15.77024955,354.2101323,6.100584724,8.135066786,0.113650018
w.w,247,4,2,1,121,29.7,109.6810827,142.4387382,1.379057903,62.22616389,117.5729546,1.049097736,79.2,1.99,44.72,15.77024955,354.2101323,6.954936403,9.032116945,0.087446803
w.w,248,5,2,1,121,32.2,132.4926194,183.6768077,1.323423718,60.58749927,146.0983663,1.308436127,79.2,1.99,44.72,15.77024955,354.2101323,8.401428204,11.6470451,0.083919009
w.w,248,6,2,1,121,35.4,172.421379,217.5285506,1.022202764,56.51627903,178.3272182,1.018387333,79.2,1.99,44.72,15.77024955,354.2101323,10.93333231,13.7936023,0.064818427
w.w,248,7,2,1,121,36.3,168.4063759,231.9254692,1.180598336,51.92604375,198.3730288,1.141564204,79.2,1.99,44.72,15.77024955,354.2101323,10.67873881,14.70651865,0.074862375
w.w,248,8,2,1,121,40.1,230.2153037,263.571571,0.8372708,45.21165006,280.5937094,0.765371647,79.2,1.99,44.72,15.77024955,354.2101323,14.59807614,16.71321497,0.053091791
w.w,249,9,2,1,121,35.1,169.0213601,221.8244661,1.525390264,56.67109577,179.6877229,1.414896823,79.2,1.99,44.72,15.77024955,354.2101323,10.71773528,14.06600862,0.096725816
w.w,249,10,2,1,121,35.2,159.1706755,215.4755234,0.761522697,53.11198103,175.3720845,0.676408177,79.2,1.99,44.72,15.77024955,354.2101323,10.09309808,13.66341875,0.048288563
w.w,251,11,2,1,121,35.6,175.226148,258.3236111,2.559588763,54.53635824,217.5155471,1.656245362,79.2,1.99,44.72,15.77024955,354.2101323,11.11118422,16.38043902,0.162304899
w.w,251,12,2,1,121,41.7,240.667708,273.8136694,1.104926007,41.02565366,357.4768483,1.00929298,79.2,1.99,44.72,15.77024955,354.2101323,15.26086871,17.36267194,0.070063952
w.w,251,13,2,1,121,43.1,222.1503499,259.8579807,0.50904065,33.61935288,405.3862283,0.74867042,79.2,1.99,44.72,15.77024955,354.2101323,14.08667308,16.47773422,0.032278541
w.w,251,14,2,1,121,43.7,261.4306924,270.1685173,2.46316536,36.38761357,421.3278725,2.255920884,79.2,1.99,44.72,15.77024955,354.2101323,16.57746071,17.13153088,0.156190639
w.w,251,15,2,1,121,43.6,247.697571,252.4705079,1.977653875,34.8501897,403.9249407,1.883496349,79.2,1.99,44.72,15.77024955,354.2101323,15.7066361,16.0092906,0.125404095
w.w,254,16,2,1,121,37,190.9833515,215.8562249,0.97455529,53.31081277,189.8181381,1.009865806,79.2,1.99,44.72,15.77024955,354.2101323,12.11035696,13.68755923,0.061797075
w.w,256,17,2,1,121,33.4,149.77555,168.935422,1.443070201,60.89646292,133.9803874,1.447618037,79.2,1.99,44.72,15.77024955,354.2101323,9.497348122,10.7122859,0.091505857
w.w,243,1,3,1,131,39.4,250.1746855,259.3657236,4.522665238,57.03190629,275.3930235,5.139246753,76.9,2.37,46.11,18.2067979,354.3755229,13.74072953,14.24554307,0.248405308
w.w,243,2,3,1,131,40.1,213.0351385,219.2322132,2.190532983,42.54590804,235.9230024,2.00614966,76.9,2.37,46.11,18.2067979,354.3755229,11.70085699,12.04122847,0.120314017
w.w,247,3,3,1,131,28.2,92.12335357,135.6547353,3.151209411,65.07687511,116.7995571,3.025138301,76.9,2.37,46.11,18.2067979,354.3755229,5.059832821,7.450773939,0.173078727
w.w,247,4,3,1,131,30.4,107.3091397,137.2047661,1.631044069,65.05298818,114.1908199,2.140652459,76.9,2.37,46.11,18.2067979,354.3755229,5.893905141,7.535908671,0.089584345
w.w,248,5,3,1,131,33.1,122.8863887,196.9871056,1.39620443,51.30032824,155.2226957,1.252586509,76.9,2.37,46.11,18.2067979,354.3755229,6.749478374,10.81942617,0.076685886
w.w,248,6,3,1,131,38.1,221.8521507,236.871095,1.942716857,52.42788231,224.9381805,1.466779967,76.9,2.37,46.11,18.2067979,354.3755229,12.18512733,13.01003594,0.10670283
w.w,248,7,3,1,131,40.7,239.3715928,216.3856748,1.470057943,43.92906379,258.9986559,1.36146221,76.9,2.37,46.11,18.2067979,354.3755229,13.14737463,11.88488366,0.080742256
w.w,249,8,3,1,131,35.8,158.3459892,218.1831953,2.54261319,49.57589673,180.1272374,2.652041585,76.9,2.37,46.11,18.2067979,354.3755229,8.697080622,11.98361164,0.13965186
w.w,249,9,3,1,131,37.3,184.3323683,202.32517,2.102652725,48.33204623,181.3439215,1.822062611,76.9,2.37,46.11,18.2067979,354.3755229,10.12437054,11.1126169,0.115487234
w.w,251,10,3,1,131,40.1,223.8348667,242.5186842,1.799713704,43.21276305,286.1459953,1.15189616,76.9,2.37,46.11,18.2067979,354.3755229,12.2940271,13.32022718,0.098848447
w.w,251,11,3,1,131,43.4,206.4457003,197.1028967,1.795481773,29.94648881,304.0066602,1.622677416,76.9,2.37,46.11,18.2067979,354.3755229,11.33893513,10.82578594,0.09861601
w.w,251,12,3,1,131,44.4,286.9638164,230.9167345,5.605023469,36.54750187,385.0851344,5.727637561,76.9,2.37,46.11,18.2067979,354.3755229,15.76135562,12.68299543,0.307853336
w.w,254,13,3,1,131,39.8,227.6026609,205.6396466,3.195422761,47.10503594,215.5671693,3.171516464,76.9,2.37,46.11,18.2067979,354.3755229,12.50097146,11.294663,0.175507125
w.w,256,14,3,1,131,34,169.53239,198.4657847,3.823219845,64.73687518,158.4788447,3.925275238,76.9,2.37,46.11,18.2067979,354.3755229,9.311488543,10.90064194,0.209988591
w.w,247,1,5,1,151,28.3,72.90392643,104.7631447,2.465512861,52.88614472,89.74179283,2.358352634,78.2,1.44,43.72,11.23827327,342.0217158,6.487111027,9.321996555,0.219385381
w.w,247,2,5,1,151,30.3,86.31002115,116.5114464,2.106830948,53.35082703,96.09734514,2.451684456,78.2,1.44,43.72,11.23827327,342.0217158,7.680007338,10.36737973,0.187469276
w.w,248,3,5,1,151,34.8,132.0958507,165.6141719,1.266297226,46.84206608,134.5908126,1.257003813,78.2,1.44,43.72,11.23827327,342.0217158,11.7541056,14.73662083,0.112677205
w.w,248,4,5,1,151,38.3,175.8066642,195.6843701,1.235408492,42.88160423,185.2933436,1.207482652,78.2,1.44,43.72,11.23827327,342.0217158,15.64356553,17.41231642,0.109928675
w.w,248,5,5,1,151,41.9,221.0362738,216.2746266,1.204304789,36.64983567,297.0032921,1.012568586,78.2,1.44,43.72,11.23827327,342.0217158,19.66817042,19.24447123,0.107161017
w.w,249,6,5,1,151,35.5,138.9506582,164.4245119,0.954241115,44.99847109,134.7871833,1.096848438,78.2,1.44,43.72,11.23827327,342.0217158,12.36405762,14.63076293,0.084909941
w.w,249,7,5,1,151,37.6,161.8770684,189.9919847,1.330397868,40.42224704,176.600165,0.736109332,78.2,1.44,43.72,11.23827327,342.0217158,14.40408723,16.90579862,0.118380986
w.w,251,8,5,1,151,29.2,91.21989961,126.6297959,2.309599553,56.69925151,104.3862712,1.917752612,78.2,1.44,43.72,11.23827327,342.0217158,8.116896381,11.26772707,0.205511959
w.w,251,9,5,1,151,41.5,193.5212339,211.5758063,1.671893547,32.39035604,288.2104892,1.044253033,78.2,1.44,43.72,11.23827327,342.0217158,17.21983701,18.82636249,0.148767832
w.w,251,10,5,1,151,43.8,198.665095,201.3964183,1.732449239,27.61064352,334.2494585,1.626702897,78.2,1.44,43.72,11.23827327,342.0217158,17.67754621,17.92058384,0.154156177
w.w,251,11,5,1,151,44.6,198.7978788,201.06418,1.772821856,26.40001764,372.8499937,1.835753189,78.2,1.44,43.72,11.23827327,342.0217158,17.68936153,17.89102074,0.157748598
w.w,254,12,5,1,151,38.9,157.9199495,189.7871024,1.419762258,35.94458957,206.7785364,0.98957785,78.2,1.44,43.72,11.23827327,342.0217158,14.05197629,16.88756786,0.126332776
w.w,,5,5,1,,41.6,203.9537656,198.9227609,-0.013210072,,,,78.2,1.44,43.72,11.23827327,342.0217158,18.1481408,17.70047374,-0.001175454
